{
  "wilcoxon_tests": {
    "ConvLSTM": {
      "stat": 8476864.0,
      "p_value": 0.0,
      "effect_size": 0.12143978476524353
    },
    "CNN+GRU": {
      "stat": 5290902.5,
      "p_value": 0.0,
      "effect_size": 0.07579760998487473
    },
    "PlainCNN": {
      "stat": 16714088.0,
      "p_value": 0.0,
      "effect_size": 0.2394464761018753
    }
  },
  "per_seed_mae": {
    "PortMoE (k=2)": {
      "mean": 2.034723162651062,
      "std": 0.04570896807205464,
      "per_seed": [
        2.10359263420105,
        1.9809808731079102,
        2.0446465015411377,
        2.0096726417541504
      ]
    },
    "ConvLSTM": {
      "mean": 4.895870327949524,
      "std": 0.07844447511080188,
      "per_seed": [
        4.852167129516602,
        4.862747669219971,
        4.837701797485352,
        5.030864715576172
      ]
    },
    "CNN+GRU": {
      "mean": 7.367523193359375,
      "std": 0.09877622993272951,
      "per_seed": [
        7.493937015533447,
        7.221281051635742,
        7.40448522567749,
        7.35038948059082
      ]
    },
    "PlainCNN": {
      "mean": 2.9238950610160828,
      "std": 0.058983208438096145,
      "per_seed": [
        3.021225929260254,
        2.920675754547119,
        2.875439167022705,
        2.878239393234253
      ]
    }
  }
}